	movieID	movieTitle
3	28355	Case 39
4	45243	The Hangover Part II
5	18785	The Hangover
8	97367	The Place Beyond the Pines
9	109439	The Hangover Part III
10	109513	Hit & Run
13	295964	Burnt
16	333371	10 Cloverfield Lane
17	352552	Hurricane of Fun: The Making of Wet Hot
21	308266	War Dogs
28	332562	A Star Is Born
31	333411	Making a Scene
34	578547	The Road to Stardom: The Making of A Star is Born
35	365451	Baby, Baby, Baby
38	38579	Marmaduke
40	48988	Hall Pass
41	49013	Cars 2
48	209244	Are You Here
49	175574	Free Birds
50	245906	She's Funny That Way
52	213681	Masterminds
53	192141	No Escape
54	217057	The Hero of Color City
56	354861	Father Figures
57	260514	Cars 3
59	286189	The Radiator Springs 500 ½
60	353746	One Day Since Yesterday: Peter Bogdanovich & the Lost American Film
66	10316	The Ides of March
67	22947	Up in the Air
68	27579	The American
69	65057	The Descendants
74	158852	Tomorrowland
78	103215	Anton Corbijn Inside Out
79	474838	Hand In Hand: A Benefit For Hurricane Relief
81	373339	Norman Lear: Just Another Version of You
83	370756	Always at The Carlyle
84	403011	Being George Clooney
85	554526	In The Tracks Of - Alexandre Desplat
86	468620	Architects of Denial
87	556695	Trump @War
89	532908	Fahrenheit 11/9
91	26388	Buried
92	44912	Green Lantern
93	39414	Paper Man
96	49520	The Change-Up
97	49524	R.I.P.D.
101	244761	The Captive
102	304357	Woman in Gold
103	244458	The Voices
104	238615	Self/less
105	309242	Mississippi Grind
108	395992	Life
109	293660	Deadpool
113	50056	Secret Origin: The Story of DC Comics
114	77880	The Whale
115	413323	Deadpool: From Comics to Screen... to Screen
116	447404	Pokémon Detective Pikachu
117	558144	Deadpool: No Good Deed
119	592402	Great Bear Rainforest: Land of the Spirit Bear
122	228161	Home
123	256346	Almost Home
125	333348	Love the Coopers
127	449294	Steve Martin: Bits and Pieces
128	460822	Oh, Hello: On Broadway
129	285689	Glen Campbell: I'll Be Me
130	109511	Give Me the Banjo
131	381078	The American Epic Sessions
132	119038	Troubadours
134	525814	Steve Martin and Martin Short: An Evening You Will Forget for the Rest of Your Life
141	59965	Abduction
143	290764	Tracers
145	353074	Run the Tide
148	11439	The Ghost Writer
149	8915	Amelia
150	35019	Nanny McPhee and the Big Bang
151	62241	Long Way Down
152	323599	Humpback Whales
153	46608	The Battle of Britain
155	81005	Jack the Giant Slayer
156	81025	Salmon Fishing in the Yemen
158	51999	Perfect Sense
159	55347	Beginners
160	58760	Jackboots on Whitehall
162	180863	T2 Trainspotting
164	205588	Our Kind of Traitor
166	294652	Son of a Gun
169	310119	Last Days in the Desert
170	360619	Bomber Boys
173	326285	American Pastoral
174	458005	Zoe
176	430403	The Bug: Life and Times of the People's Car
177	461556	Now You See It
178	461557	Red Point
179	189498	Charge
180	392820	Gimme Danger
181	420814	Christopher Robin
183	514889	RAF at 100 with Ewan and Colin McGregor
184	531790	Teenage Wildlife
185	82914	Fastest
186	10788	Kambakkht Ishq
190	70074	Bullet to the Head
191	81830	The Rocky Saga: Going the Distance
194	145308	Inferno: The Making of 'The Expendables'
196	251994	Reach Me
197	85807	The Real Rocky
199	295099	The Go-Go Boys: The Inside Story of Cannon Films
202	312221	Creed
203	366633	John G. Avildsen: King of the Underdogs
204	178619	Gods of War: Assembling Earth's Mightiest Anti-Heroes
206	377380	From Rocky to Creed: The Legacy Continues
208	234004	Ratchet & Clank
209	421057	40 Years of Rocky: The Birth of a Classic
212	445832	From the Ashes: Post-Production and Release of 'The Expendables'
213	480530	Creed II
216	512412	Backtrace
218	597153	Stallone, profession héros
222	76640	The Last Stand
223	87101	Terminator Genisys
225	144336	Sabotage
227	138179	Arnold's Blueprint
228	184703	WWE Hall Of Fame 2013
229	207021	Generation Iron
230	287424	Maggie
231	333079	WWE Hall of Fame 2015
233	412547	Killing Gunther
234	413945	Arnie's 50 Greatest Ever Stunts
235	390051	Aftermath
236	466485	Conor McGregor: Notorious
237	476070	Wonders of the Sea 3D
241	486508	Born Strong
242	446663	Andre the Giant
244	447818	Generation Iron 2
245	530343	Workers Con
246	463088	The Game Changers
247	503718	T2: Reprogramming The Terminator
248	580700	Building Arnold Schwarzenegger
253	438638	Cut from a Different Cloth
254	45568	Legacy
255	68726	Pacific Rim
259	99670	Gumball 3000: LDN 2 NYC
260	301056	Enchanted Kingdom
261	192136	Mandela: Long Walk to Freedom
262	75651	How Hip Hop Changed the World
264	283587	Beasts of No Nation
265	136835	No Good Deed
266	287623	Second Coming
267	132847	How Clubbing Changed the World
269	334532	100 Streets
270	290512	The Mountain Between Us
271	266396	The Gunman
272	348194	King for a Term
274	333669	Bastille Day
275	269149	Zootopia
277	127380	Finding Dory
278	412418	Mandela, My Dad and Me
280	353491	The Dark Tower
281	427004	Marine Life Interviews
282	138741	The Furious Gods: Making Prometheus
284	568921	Prometheus: Prologue - Prometheus Transmission
287	19724	Imagine That
288	72358	A Thousand Words
293	374461	Mr. Church
294	151316	Shrek’s Yule Log
295	174325	Whoopi Goldberg Presents Moms Mabley
296	10528	Sherlock Holmes
298	41733	Due Date
299	48798	Love and Distrust
301	76122	Marvel One-Shot: The Consultant
302	58574	Sherlock Holmes: A Game of Shadows
303	205587	The Judge
308	278837	I Am Steve McQueen
322	22538	Scott Pilgrim vs. the World
326	68812	The Iceman
327	72432	Puncture
330	110415	Snowpiercer
331	283350	Before We Go
332	277547	Playing It Cool
337	379040	Marvel's Captain America: 75 Heroic Years
339	400928	Gifted
342	448354	Outfitting a Hero
347	211387	Marvel One-Shot: Agent Carter
349	448357	Captain America: The First Avenger - Heightened Technology
350	577721	Superpower Dogs
352	27569	Extraordinary Measures
353	38357	Morning Glory
354	49849	Cowboys & Aliens
355	80274	Ender's Game
358	115348	Paranoia
361	293863	The Age of Adaline
362	18480	Brüno
370	213831	Drew: The Man Behind the Poster
371	392178	Escapes
372	292277	Living in the Age of Airplanes
373	98900	Synchronize
374	311033	"On Set With ""Raiders Of The Lost Ark"""
375	202990	Brace for Impact: The Chesley B. Sullenberger Story
376	381950	Disneyland 60th Anniversary TV Special
377	505351	Flying the Feathered Edge: The Bob Hoover Project
378	473408	Joan Didion: The Center Will Not Hold
380	598832	Blade Runner 2049: To Be Human
381	606074	The Fugitive: Thrill of the Chase
382	611196	Toxic Puzzle
384	7980	The Lovely Bones
389	91314	Transformers: Age of Extinction
390	77866	Contraband
391	98357	Broken City
394	193756	Lone Survivor
396	284536	The Gambler
397	296524	Deepwater Horizon
400	347375	Mile 22
402	237584	Mojave
403	388399	Patriots Day
405	446791	All the Money in the World
408	399963	T.J. Miller: Farm Hippie
409	491418	Instant Family
410	26688	Sorority Row
411	51888	Robot Chicken: Star Wars Episode III
412	52461	Carrie Fisher: Wishful Drinking
413	151071	It's Christmas, Carol!
415	157851	Maps to the Stars
416	329690	Comedy Central Roast of Roseanne
419	398738	Bright Lights: Starring Carrie Fisher and Debbie Reynolds
421	278427	Family Guy Presents: It's a Trap!
423	1865	Pirates of the Caribbean: On Stranger Tides
425	23514	The Rum Diary
426	8054	The Imaginarium of Doctor Parnassus
427	12155	Alice in Wonderland
429	62213	Dark Shadows
430	44896	Rango
431	57201	The Lone Ranger
436	241259	Alice Through the Looking Glass
437	290825	Yoga Hosers
438	246403	Tusk
440	370567	Sherlock Gnomes
441	382079	Donald Trump's The Art of the Deal: The Movie
443	259316	Fantastic Beasts and Where to Find Them
444	338952	Fantastic Beasts: The Crimes of Grindelwald
445	433501	City of Lies
448	466696	The Black Ghiandola
449	467956	The Professor
450	37659	When You're Strange
451	214096	Lucky Them
452	140456	For No Good Reason
453	220882	London Fields
455	61675	L.A. Without a Map
457	367151	Live From Lincoln Center: Danny Elfman's Music from the Films of Tim Burton
458	367466	Hollywood Vampires: Rock in Rio 2015
460	533332	Hollywood Vampires Live at Hellfest 2018
461	83660	Paradise Lost 3: Purgatory
462	607148	The 90s: Ten Years That Changed the World
467	16523	Where the Wild Things Are
468	39781	The Kids Are All Right
476	314365	Spotlight
480	198277	Begin Again
488	394435	Dear President Obama
489	170915	Hollywood Speaks Up
490	432518	Climate Hustle
492	489137	Happening: A Clean Energy Revolution
496	557606	John Leguizamo's Latin History for Morons
497	619632	John Leguizamo's Road to Broadway
499	42189	Kevin Hart: Seriously Funny
500	43814	Something Like A Business
501	62522	35 and Ticking
503	67660	Think Like a Man
504	51126	Chocolate Sundaes Comedy Show: Live On Sunset Strip!
506	74510	Kevin Hart: Laugh at My Pain
507	84262	Exit Strategy
509	152622	Backstage at Budz House
510	119197	Let Go
511	181330	Kevin Hart: Let Me Explain
512	184098	Think Like a Man Too
513	222899	About Last Night
514	301830	James Brown - The Man, The Music & The Message
515	252838	The Wedding Ringer
516	316270	Kevin Hart: Serve and Protect
519	328111	The Secret Life of Pets
521	326553	Keith Robinson: Back of the Bus Funny
522	323675	Ride Along 2
523	372979	Dying Laughing
525	168530	Ride Along
527	268531	Captain Underpants: The First Epic Movie
530	337645	Kevin Hart Presents: Plastic Cup Boyz
531	397549	Lil Rel: RELevent
533	454293	Night School
535	580001	Kevin Hart's Guide to Black History
536	591880	Choose Go
537	592136	Kevin Hart: Irresponsible
539	267526	Blue Season
541	374618	Scrawl
544	376530	The Eagle Huntress
546	381719	Peter Rabbit
547	431446	Crossed Wires
548	496232	100% BEEF
552	521353	Flopsy Turvy
556	12162	The Hurt Locker
557	60304	Hansel & Gretel: Witch Hunters
558	49040	The Bourne Legacy
561	152599	The Immigrant
563	245916	Kill the Messenger
566	329865	Arrival
567	375166	Sinatra 100: An All-Star Grammy Concert
572	455980	Tag
574	465296	Mosquito
575	600378	Xenolinguistics: Understanding Arrival
576	67913	The Guard
592	465743	Don Cheadle Is Captain Planet
593	500239	August 28: A Day in the Life of a People
595	11323	The Informant!
597	22972	Green Zone
599	38050	The Adjustment Bureau
600	44603	Hereafter
601	44639	Inside Job
605	68724	Elysium
608	133694	Promised Land
609	157834	The Zero Theorem
612	157336	Interstellar
613	324668	Jason Bourne
614	301337	Downsizing
615	400359	Ares III: Refocused
616	311324	The Great Wall
617	395458	Suburbicon
618	453150	Boston
619	54994	Teenage Paparazzo
622	75760	American Teacher
624	457024	Backpack Full of Cash
626	489417	Plan B
628	467660	Unsane
633	603459	The Long Way Home: Making 'The Martian'
636	82700	After Earth
637	137321	Winter's Tale
640	321741	Concussion
641	256591	Focus
643	345920	Collateral Beauty
644	400106	Bright
650	420817	Aladdin
651	503129	Student of the Year 2
652	616436	YouTube Rewind 2018: Everyone Controls Rewind
653	9799	The Fast and the Furious
659	211449	Riddick: Blindsided
660	253835	Los Bandoleros
662	274854	The Last Witch Hunter
669	414701	The Giant's Dream: The Making of the Iron Giant
673	53985	Mutant Pumpkins from Outer Space
674	55787	Water for Elephants
676	103731	Mud
677	152792	Devil's Knot
678	250538	The Good Lie
679	228970	Wild
680	268920	Hot Pursuit
686	427900	Home Again
687	448450	Gunter Babysits
688	578261	Digital Content
695	37080	Mother and Child
696	38199	Unthinkable
701	71254	Arena
702	56831	The Sunset Limited
703	57586	African Cats
704	94204	Meeting Evil
708	97020	RoboCop
711	98339	The Samaritan
713	109585	Young Jeezy: A Hustlerz Ambition
715	133931	Zambezia
716	202859	The Face Is Familiar
717	240916	Reasonable Doubt
718	248574	Barely Lethal
721	294926	The Boomer List
722	283366	Miss Peregrine's Home for Peculiar Children
724	345895	Wake the Fuck Up
725	230179	Big Game
727	228228	In the Land of the Free...
729	192712	Kite
730	340275	Chi-Raq
732	376980	Everything Is Samuel L. Jackson's Fault
733	377107	Face of Unity
734	258489	The Legend of Tarzan
735	168098	Cell
737	411019	I Am Not Your Negro
738	423949	Unicorn Store
739	260513	Incredibles 2
741	440965	Smokey Robinson: The Library of Congress Gershwin Prize for Popular Song
742	446696	Life Itself
754	423435	Eating You Alive
756	26389	From Paris with Love
758	82525	Savages
762	255157	The Forger
764	334527	Criminal Activities
765	332411	I Am Wrath
766	397406	Close Encounters with Vilmos Zsigmond
767	398289	Life on the Line
768	339103	Gotti
770	452312	Stayin' Alive: A Grammy Salute to the Music of the Bee Gees
772	466411	Speed Kills
773	474214	Trading Paint
774	489958	The Grease Story
775	494222	Saturday Night Fever: The Ultimate Disco Movie
777	351416	Urban Cowboy: The Rise and Fall of Gilley's
779	45272	Country Strong
781	67675	Glee: The Concert Movie
788	403106	Man in Red Bandana
794	554152	Coldplay: A Head Full of Dreams
797	45658	Everything Must Go
798	18162	Land of the Lost
799	80304	Casa De Mi Padre
800	19905	The Goods: Live Hard, Sell Hard
801	57718	Megamind: The Button of Doom
802	77953	The Campaign
803	79940	Tim and Eric's Billion Dollar Movie
810	343921	A Deadly Adoption
811	348819	Ferrell Takes the Field
815	426563	Holmes & Watson
819	392506	A.C. Green: Iron Virgin
820	495781	The 2018 Rose Parade Hosted by Cord & Tish
821	522440	The Royal Wedding Live with Cord and Tish!
822	572125	The 2019 Rose Parade with Cord & Tish
825	602495	"Live in Front of a Studio Audience: Norman Lear's ""All in the Family"" and ""The Jeffersons"""
830	76758	The Flowers of War
831	125231	The Batmobile
832	147441	Exodus: Gods and Kings
837	354859	The Promise
839	384680	Hostiles
840	333873	Keepers of the Covenant: Making 'Exodus: Gods and Kings'
843	59678	Attack the Block
844	244875	The Whale
845	209401	Half of a Yellow Sun
846	253154	Imperial Dreams
847	210999	My Murder
848	407448	Detroit
849	85529	Junkhearts
855	268896	Pacific Rim: Uprising
858	593687	Behind the Block
862	75900	My Week with Marilyn
863	86834	Noah
864	96936	The Bling Ring
865	84892	The Perks of Being a Wallflower
867	318781	Colonia
868	241257	Regression
872	366696	The Red Pill
877	129843	London 2012: Paralympics Opening Ceremony
880	262827	Miss in Her Teens
881	280996	Mr. Holmes
882	246202	The Five(ish) Doctors Reboot
883	364902	The Dresser
884	369145	Doctor Who: The Snowmen
886	350818	Looking for Lowry
888	410671	The Roof
889	430292	National Theatre Live: No Man's Land
895	430160	Judi Dench: All the World's Her Stage
896	460656	A Lost and Found Box of Human Sensation
897	438486	The Untold Tales of Armistead Maupin
898	517197	The Betty Driver Story
899	517219	The Paul O'Grady Story
900	518801	McKellen: Playing the Part
901	526508	National Theatre Live: King Lear
902	558095	All Is True
903	573574	Edmund the Magnificent
904	604978	Lady Grey London
906	44718	Get Low
907	38753	Passion Play
908	19908	Zombieland
909	87504	Hyde Park on Hudson
912	124461	A Glimpse Inside the Mind of Charles Swan III
915	239563	St. Vincent
922	319070	Drunk Stoned Brilliant Dead: The Story of the National Lampoon
925	424777	The Bill Murray Experience
926	430364	'85: The Greatest Team in Pro Football History
927	502157	The Bill Murray Stories: Life Lessons Learned from a Mythical Man
928	511972	Love, Gilda
930	7445	Brothers
931	41630	No Strings Attached
933	44835	Hesher
934	38319	Your Highness
935	52505	The Other Woman
938	336029	A Tale of Love and Darkness
941	333033	The Heyday of the Insensitive Bastards
942	374464	Planetarium
944	376866	Jackie
945	291984	The Death & Life of John F. Donovan
946	330947	Song to Song
947	223981	Illusions & Mirrors
948	361474	Mr. Gaga
950	403927	The Pulitzer At 100
951	429202	Vox Lux
952	503150	Eating Animals
953	513138	Black Swan: Metamorphosis
958	576500	The Making of Annihilation
961	618736	From Jackie to Camelot
962	37534	The New Daughter
964	49521	Man of Steel
965	123343	Petty Blue
968	192102	3 Days to Kill
973	228203	McFarland, USA
974	253331	Black or White
975	330068	Fastball
978	406431	The Hurt Business
979	381284	Hidden Figures
981	487791	Billy The Kid New Evidence
982	500682	The Highwaymen
983	507256	Whitney
985	570042	Maelstrom: The Odyssey of Waterworld
987	23742	Cop Out
990	47964	A Good Day to Die Hard
991	19959	Surrogates
992	70586	Setup
994	84305	Lay the Favorite
995	75736	Catch.44
997	77948	The Cold Light of Day
998	59967	Looper
1000	146216	RED 2
1002	137896	Warren Ellis: Captured Ghosts
1003	139567	Fire with Fire
1005	241254	The Prince
1007	307663	Vice
1008	345934	Air Strike
1010	326425	Extraction
1011	384737	Precious Cargo
1012	387415	Guzelbahce Terror
1015	410554	First Kill
1016	395990	Death Wish
1018	381288	Split
1020	345915	Once Upon a Time in Venice
1021	479040	Acts of Violence
1023	531593	Reprisal
1024	536056	Comedy Central Roast of Bruce Willis
1025	542508	The Black Mamba
1026	566947	Bumping Mics with Jeff Ross & Dave Attell
1028	23047	Season of the Witch
1029	23483	Kick-Ass
1030	11699	The Bad Lieutenant: Port of Call - New Orleans
1031	27022	The Sorcerer's Apprentice
1033	47327	Drive Angry
1038	74998	Seeking Justice
1040	127493	Stolen
1041	157847	Joe
1042	199373	The Frozen Ground
1043	218043	Left Behind
1044	242310	Rage
1045	279144	"The Death of ""Superman Lives"": What Happened?"
1046	297596	Dying of the Light
1047	289720	Outcast
1048	340945	USS Indianapolis: Men of Courage
1049	437375	Looking Glass
1050	301608	The Trust
1051	277546	The Runner
1052	290637	Pay the Ghost
1053	336445	Army of One
1054	354979	Dog Eat Dog
1055	397415	Vengeance: A Love Story
1056	401561	Mom and Dad
1057	302401	Snowden
1058	388202	Arsenal
1059	433630	Inconceivable
1060	456048	The Humanity Bureau
1061	460885	Mandy
1062	500919	211
1063	500921	Between Worlds
1064	474395	Teen Titans Go! To the Movies
1066	568527	Sitges - 51st Fantastic International Film Festival of Catalonia
1067	572191	Dark
1069	20178	World's Greatest Dad
1071	26621	Robin Williams: Weapons of Self Destruction
1074	132363	The Butler
1075	214086	The Face of Love
1076	259963	Boulevard
1078	152790	The Angriest Man in Brooklyn
1079	286532	A Merry Friggin' Christmas
1080	22640	Shrink
1083	53079	Who Is Harry Nilsson (And Why Is Everybody Talkin' About Him?)
1084	174340	Richard Pryor: Omit the Logic
1086	137845	Persistence of Vision
1087	402967	Koko: The Gorilla Who Talks to People
1088	259959	All About Ann: Governor Richards of the Lone Star State
1089	302010	3 Still Standing
1090	239346	Kelly Clarkson's Cautionary Christmas Music Tale
1092	521281	Robin Williams, A Comedy Genius
1094	586193	Robin Williams: Voice of an Era
1095	586571	Robin Williams Remembered
1096	622867	Robin Williams: Behind Closed Doors
1098	20829	Funny People
1100	38365	Grown Ups
1103	76492	Hotel Transylvania
1104	87428	That's My Boy
1106	232672	Blended
1107	159824	Hotel Transylvania 2
1108	257344	Pixels
1109	243684	Men, Women & Children
1115	389053	The Do-Over
1117	400155	Hotel Transylvania 3: Summer Vacation
1118	419700	Sandy Wexler
1119	459159	Hotel Transylvania: Puppy!
1120	465109	The Week Of
1123	517596	Adam Sandler: 100% Fresh
1125	25154	The Marc Pease Experience
1126	25472	Merry Madagascar
1127	27583	Greenberg
1131	49020	Submarine
1132	80035	The Watch
1133	80321	Madagascar 3: Europe's Most Wanted
1135	116745	The Secret Life of Walter Mitty
1136	161143	Madly Madagascar
1141	356298	Don't Think Twice
1142	63578	The Trip
1143	425980	Brad's Status
1147	159673	He's Way More Famous Than You
1148	464207	The Truth Is in the Stars
1153	23023	Tooth Fairy
1155	41283	Faster
1156	16866	Planet 51
1158	72545	Journey 2: The Mysterious Island
1160	79242	WWE Survivor Series 2011
1161	97180	The Rock: The Epic Journey of Dwayne Johnson
1162	99704	WWE WrestleMania XXVIII
1163	128565	WWE: 50 Greatest Finishing Moves in WWE History
1165	134411	Snitch
1166	180943	WWE WrestleMania 29
1167	163503	WWE Royal Rumble 2013
1168	184315	Hercules
1169	168518	WWE Elimination Chamber 2013
1170	169209	Empire State
1172	330589	WWE: The Rock vs John Cena: Once in a Lifetime
1173	427641	Rampage
1174	264358	Brock Lesnar: Best of the Beast
1175	275235	WWE: The Best of Raw - After the Show
1176	303392	WWE: Attitude Era: Vol. 2
1177	330598	WWE: Best of WWE at Madison Square Garden
1179	337395	The Road is Jericho: Epic Stories and Rare Matches from Y2J
1182	146961	WWE: Falls Count Anywhere: The Greatest Street Fights and Other Out of Control Matches
1183	352260	WWE's Biggest Knuckleheads
1184	358228	WWE: Monday Night War Vol. 2: Know Your Role
1185	223506	WWE: Triple H: Thy Kingdom Come
1186	145916	WWE: Attitude Era
1188	277834	Moana
1189	401078	WWE: History of the Hardcore Championship
1191	339846	Baywatch
1192	411655	WWE: Best Pay-Per-View Matches of 2013
1193	411718	WWE: Monday Night War Vol. 1: Shots Fired
1194	254128	San Andreas
1197	323089	WWE: The Rock: The Most Electrifying Man in Sports Entertainment - Vol. 3
1198	299744	WWE: The Rock: The Most Electrifying Man in Sports Entertainment - Vol. 2
1199	424473	WWE: The True Story of the Royal Rumble
1201	444341	Gone Fishing
1202	445629	Fighting with My Family
1203	446838	WWE: WrestleMania Monday
1204	447200	Skyscraper
1205	449634	WWE: The Best of King of the Ring
1207	464542	Kurt Angle: The Essential Collection
1208	479577	1997: Dawn of the Attitude
1209	479578	WWE: 30 Years of Survivor Series
1210	261906	The Sheik
1211	444526	Rock and a Hard Place
1213	429106	Millennials: The Musical
1214	429144	Escape from Calypso Island
1215	38303	You Again
1216	35688	Why Did I Get Married Too?
1217	496834	Voice of the Islands
1218	513938	WWE: The Best of Raw & SmackDown 2012
1219	330307	WWE: John Cena's Greatest Rivalries
1220	566481	WWE: 30 Years of SummerSlam
1221	80242	Stone Cold Steve Austin: The Bottom Line on the Most Popular Superstar of All Time
1226	19899	Couples Retreat
1230	109431	Identity Thief
1232	316067	Misery Loves Comedy
1236	257440	Term Life
1239	435412	The 44th President: In His Own Words
1244	563250	The Animagic World of Rankin/Bass
1247	100540	The Kill Hole
1250	239566	Get on Up
1253	205584	Gods of Egypt
1254	392982	Marshall
1255	301355	Message from the King
1260	20352	Despicable Me
1262	38778	Dinner for Schmucks
1265	88005	Seeking a Friend for the End of the World
1268	147773	The Way Way Back
1269	306745	Freeheld
1271	50646	Crazy, Stupid, Love.
1273	93456	Despicable Me 2
1274	351044	Welcome to Marwen
1276	369192	Battle of the Sexes
1277	324852	Despicable Me 3
1279	419709	Last Flag Flying
1280	451915	Beautiful Boy
1281	229408	Minions: Training Wheels
1284	482004	Too Funny to Fail: The Life and Death of The Dana Carvey Show
1286	218778	Alexander and the Terrible, Horrible, No Good, Very Bad Day
1288	23048	Hot Tub Time Machine
1290	79694	The Apparition
1291	79548	Gone
1293	308453	The Bronze
1299	411139	I'm Not Here
1301	411144	We Have Always Lived in the Castle
1304	389015	I, Tonya
1309	10197	Nine
1310	27585	Rabbit Hole
1313	82390	The Paperboy
1314	86825	Stoker
1315	127560	The Railway Man
1316	111839	Hemingway & Gellhorn
1317	116149	Paddington
1318	204922	Before I Go to Sleep
1319	215211	Grace of Monaco
1320	267192	Genius
1321	157843	Queen of the Desert
1322	291264	The Family Fang
1323	245846	Strangerland
1325	303623	Hello Ladies: The Movie
1326	334543	Lion
1327	472451	Boy Erased
1328	250650	Captivated: The Trials of Pamela Smart
1329	399019	The Beguiled
1330	399057	The Killing of a Sacred Deer
1331	341689	How to Talk to Girls at Parties
1332	297802	Aquaman
1334	441863	David Stratton: A Cinematic Life
1336	491366	Horror Show
1337	58608	One Night Only at The Village Vanguard
1339	593690	An Impossible Conundrum: The Making of 'The Killing of a Sacred Deer'
1342	22894	Legion
1344	38321	Priest
1345	50839	Margin Call
1347	136278	Blood
1355	276907	Legend
1358	438259	Journey's End
1363	12569	Extract
1364	60281	To the Wonder
1366	68734	Argo
1367	146238	Runner Runner
1369	210577	Gone Girl
1370	141052	Justice League
1374	302946	The Accountant
1375	391339	Tracing Amy: The Chasing Amy Doc
1376	395973	The Vice Guide to Film: David Fincher
1377	251109	The Official 2013 World Series Film
1379	399361	Triple Frontier
1381	8967	The Tree of Life
1384	64689	Killing Them Softly
1386	72190	World War Z
1391	314385	By the Sea
1393	357681	Hitting the Apex
1397	369885	Allied
1398	417198	Voyage of Time: The IMAX Experience
1399	354287	War Machine
1403	292790	Exploring The Tree of Life
1406	12201	Edge of Darkness
1407	80389	Get the Gringo
1409	106747	Machete Kills
1413	309886	Blood Father
1414	358804	The Madness of Max
1415	411728	The Professor and the Madman
1416	438674	Dragged Across Concrete
1417	441695	Road War: The Making of 'The Road Warrior'
1419	451567	The Soul of War: Making 'Hacksaw Ridge'
1422	480718	Steve McQueen: American Icon
1423	17431	Moon
1425	77878	The Lady
1426	136418	Hummingbird
1427	306128	Painkiller
1429	473072	2036: Nexus Dawn
1431	38407	Shanghai
1433	58233	Johnny English Reborn
1436	550040	Monster Challenge
1438	14400	The Heir Apparent: Largo Winch
1443	97370	Under the Skin
1445	112336	Hitchcock
1451	280409	Deep Down
1456	67273	Buck
1461	407588	Floyd Norman: An Animated Life
1462	397422	Rough Night
1466	315837	Ghost in the Shell
1467	541234	Art as Dialogue
1469	94026	Bert Stern: Original Madman
1471	60420	Like Crazy
1472	39013	Winter's Bone
1474	70160	The Hunger Games
1475	82505	House at the End of the Street
1477	101299	The Hunger Games: Catching Fire
1478	131631	The Hunger Games: Mockingjay - Part 1
1479	131634	The Hunger Games: Mockingjay - Part 2
1482	206349	Devil You Know
1483	381283	mother!
1484	261860	Dior and I
1488	365997	A Beautiful Planet
1489	401981	Red Sparrow
1495	499235	Jack Nicholson: Das Teuflische Grinsen Hollywoods
1496	524303	Wide-Awake
1498	585200	Unbreaking America
1499	244592	Chase the Stars
1500	593688	mother! The Downward Spiral
1501	566441	The Hunger Games: The Phenomenon
1502	596556	The Making of 'Winter's Bone'
1503	22881	The Blind Side
1508	136795	The Heat
1509	238407	Aningaaq
1512	10317	Our Brand Is Crisis
1513	402900	Ocean's Eight
1514	405774	Bird Box
1516	20533	Jonah Hex
1517	31723	Women in Trouble
1521	38031	You Will Meet a Tall Dark Stranger
1522	82682	Gangster Squad
1524	130150	Labor Day
1525	169260	Mankink : The Story of All of Us
1526	273481	Sicario
1528	233466	Hawaiian: The Legend of Eddie Aikau
1529	253412	Everest
1535	311307	The Legacy of a Whitetail Deer Hunter
1536	395991	Only the Brave
1537	400535	Sicario: Day of the Soldado
1538	418764	Never Surrender: The Ed Ramsey Story
1542	426568	Unchained: The Untold Story of Freestyle Motocross
1546	292097	The Women of SNL
1550	65086	The Woman in Black
1552	149509	Horns
1554	228066	Victor Frankenstein
1555	444450	National Theatre Live: Rosencrantz & Guildenstern Are Dead
1556	454650	Beast of Burden
1558	271718	Trainwreck
1559	356846	The Gamechangers
1561	374617	Imperium
1562	347031	Swiss Army Man
1563	390062	Jungle
1564	245394	Fry and Laurie Reunited
1568	17979	A Christmas Carol
1569	58224	Mr. Popper's Penguins
1576	340674	Dark Crimes
1577	470043	I Needed Color
1578	469019	Jim & Andy: The Great Beyond
1582	84316	My Brother the Devil
1583	126464	Victim
1584	358762	Urban Hymn
1586	284089	Glasgow Girls
1590	226003	Random
1591	510464	Cake
1592	543343	Guava Island
1598	135921	Everything or Nothing
1601	282268	Monty Python Live (Mostly)
1606	328037	Monty Python: The Meaning of Live
1608	452226	The King
1609	424694	Bohemian Rhapsody
1610	72976	Lincoln
1611	86829	Inside Llewyn Davis
1613	121986	Frances Ha
1614	192137	Not Waving but Drowning
1615	203819	Tracks
1616	173911	Bluebird
1618	239678	This Is Where I Leave You
1621	383356	The River
1622	297725	The Man Who Killed Don Quixote
1623	283698	Hungry Hearts
1625	36950	You Don't Know Jack
1626	370755	Paterson
1629	245703	Midnight Special
1632	419463	I'm Coming Over
1633	458877	Gayby
1635	487558	BlacKkKlansman
1637	585333	Goldstar, Ohio
1638	585724	Joseph Pulitzer: Voice of the People
1639	591552	The Basement
1641	25769	Carriers
1643	39477	Small Town Saturday Night
1645	70703	The Captains
1651	227159	Horrible Bosses 2
1652	193687	Z for Zachariah
1653	227300	Stretch
1654	338766	Hell or High Water
1655	300673	The Finest Hours
1659	454227	Outlaw King
1660	84184	Celeste & Jesse Forever
1663	465536	Figures of Speech
1666	297762	Wonder Woman
1668	28211	Chloe
1669	36419	After.Life
1670	43539	The Next Three Days
1671	44833	Battleship
1673	48138	Unknown
1675	18823	Clash of the Titans
1676	82675	Taken 2
1677	75174	The Grey
1678	57165	Wrath of the Titans
1679	59248	The Wildest Dream
1682	192145	Third Person
1683	169917	A Walk Among the Tombstones
1684	172391	Khumba
1686	225574	Non-Stop
1688	227783	The Nut Job
1689	241428	Jeff Wayne's Musical Version of the War of the Worlds - The New Generation: Alive on Stage!
1692	260346	Taken 3
1694	276137	Road
1696	313031	Snow Monkeys
1697	241554	Run All Night
1698	283161	The Prophet
1699	438650	Cold Pursuit
1702	370071	A Christmas Star
1703	388904	1916: The Irish Rebellion
1705	390061	Mark Felt: The Man Who Brought Down the White House
1707	258230	A Monster Calls
1708	407887	Operation Chromite
1709	437612	Karenina & I
1710	447061	Red Nose Day Actually
1711	401469	Widows
1712	464933	How to Defuse a Bomb: The Project Children Story
1713	467065	A Fanatic Heart: Geldof On Yeats
1714	336472	Love Thy Nature
1718	526005	In the Name of Peace: John Hume in America
1719	523955	The Last Horsemen of New York
1720	537996	The Ballad of Buster Scruggs
1721	625604	Schindler's List: 25 Years Later
1723	26171	Everybody's Fine
1724	44113	Stone
1725	62838	New Year's Eve
1728	49021	Killer Elite
1731	56591	Corman's World: Exploits of a Hollywood Rebel
1733	58219	The Ages of Love
1735	78571	Being Flynn
1737	122800	Freelancers
1739	112205	The Family
1740	361671	Ellis
1742	184341	Hands of Stone
1746	242076	The Bag Man
1747	275315	Remembering the Artist: Robert De Niro, Sr.
1748	23631	Machete
1749	217686	Miracle Rising: South Africa
1752	257211	The Intern
1753	291870	Dirty Grandpa
1754	363992	The Wizard of Lies
1760	369524	The Comedian
1761	425001	The War with Grandpa
1762	466057	Alec Baldwin: One Night Only
1763	333360	Peggy Guggenheim: Art Addict
1765	446048	Jim Norton: Mouthful of Shame
1766	250280	Trespassing Bergman
1767	551587	National Museum of African American History and Culture Grand Opening Ceremony
1768	543658	Breslin and Hamill: Deadline Artists
1769	621509	GoodBagels
1770	38931	Oh My God
1771	39254	Real Steel
1773	82695	Les Misérables
1774	75301	Being Elmo: A Puppeteer's Journey
1775	58882	Snow Flower and the Secret Fan
1777	79697	Butter
1779	146233	Prisoners
1780	266647	Pan
1782	301959	Interstellar: Nolan's Odyssey
1783	198184	Chappie
1785	316029	The Greatest Showman
1786	319888	Eddie the Eagle
1787	305091	That Sugar Film
1788	308369	Me and Earl and the Dying Girl
1789	357068	Dukale's Dream
1793	263115	Logan
1796	447158	The Wolverine: The Path of a Ronin
1800	476764	The Front Runner
1801	238478	Six by Sondheim
1805	196241	Les Miserables: The History of The World's Greatest Story
1806	43931	My Soul to Take
1807	68412	3 Backyards
1808	104461	Restless City
1809	157384	Mother of George
1810	228710	The Walking Dead: A Decade of Dead
1811	297270	Tinker Bell and the Legend of the NeverBeast
1812	402529	All Eyez on Me
1819	62837	Dolphin Tale
1821	50081	Born to Be Wild
1825	79893	Breaking the Taboo
1826	101731	The Magic of Belle Isle
1828	117263	Olympus Has Fallen
1833	238827	JFK: A President Betrayed
1835	240704	Island of Lemurs: Madagascar
1838	227735	Dolphin Tale 2
1839	290796	We the People
1840	290797	Wish Wizard
1843	267860	London Has Fallen
1844	308504	Last Knights
1845	286521	5 Flights Up
1846	244910	The Editor and The Dragon: Horace Carter Fights the Klan
1848	346808	Momentum
1849	347587	Le frontiere dell'Astronomia - EP-7 Vite aliene nel cosmo
1850	205989	The President's Photographer: Fifty Years Inside the Oval Office
1851	271969	Ben-Hur
1852	33249	For Love of Liberty: The Story of America's Black Patriots
1853	353070	Going in Style
1855	398177	Just Getting Started
1857	403579	The C Word
1858	426543	The Nutcracker and the Four Realms
1859	37430	Conan the Barbarian
1861	405931	March of the Penguins 2
1862	525638	America's Musical Journey
1866	65650	The Good Doctor
1867	52451	The Three Musketeers
1868	54469	Main Street
1872	295490	Digging for Fire
1873	185567	Zulu
1874	258775	Romeo and Juliet
1877	84309	Marina Abramović: The Artist Is Present
1878	135717	David Blaine: What Is Magic?
1880	451764	Romans
1881	458506	Tour de Pharmacy
1882	473920	S.M.A.R.T. Chase
1883	284293	Still Alice
1884	31007	Welcome to the Rileys
1885	27586	The Runaways
1887	244506	Camp X-Ray
1888	246860	Clouds of Sils Maria
1889	301875	Equals
1890	261392	American Ultra
1891	277710	Anesthesia
1894	340487	Certain Women
1895	370523	Once and Forever
1896	340676	Personal Shopper
1898	170178	K-11
1903	83770	On the Road
1904	460070	J.T. LeRoy
1905	460071	Lizzie
1906	436035	Come Swim
1907	551007	Aware, Anywhere
1908	493092	Bad Reputation
1910	37495	Four Lions
1911	65760	The Whistleblower
1913	49517	Tinker Tailor Soldier Spy
1915	75170	Third Star
1919	95675	Wreckers
1920	97764	Burlesque Fairytales
1922	162903	The Fifth Estate
1923	203912	National Theatre Live: Frankenstein
1924	205596	The Imitation Game
1925	205598	Magik
1926	237200	Jerusalem
1927	238469	Little Favour
1928	258514	Van Gogh: Painted with Words
1931	270946	Penguins of Madagascar
1938	360920	The Grinch
1939	396227	National Theatre Live: Hamlet
1942	448565	The Child in Time
1945	419880	Naples '44
1948	435497	The Turning Point
1949	441123	National Theatre Live: Fifty Years on Stage
1950	438488	Walk with Me
1952	410672	Electric Cinema: How to Behave
1953	497997	Parade's End
1955	536176	Brexit: The Uncivil War
1956	580312	The Dog Days of Winter
1969	27205	Inception
1970	44992	Hubble 3D
1971	64682	The Great Gatsby
1972	64956	Inception: The Cobol Job
1974	281957	The Revenant
1978	410718	Before the Flood
1980	213362	Reflections on Titanic
1981	379053	A World Unseen: The Revenant
1983	198901	Titanic: 100 Years On
1984	10024	My Sister's Keeper
1986	22825	The Box
1988	40805	The Green Hornet
1990	191502	The Unbelievers
1992	52449	Bad Teacher
1993	76494	What to Expect When You're Expecting
1994	97434	Gambit
1996	110392	A Liar's Autobiography: The Untrue Story of Monty Python's Graham Chapman
1999	196867	Annie
2000	193610	The Other Woman
2003	157360	In a World...
2004	467709	All Noncombatants Please Clear the Set
2006	162215	How I Live Now
2007	210479	Locke
2009	411587	Moments
2013	402446	Edge of Winter
2014	314095	The Lost City of Z
2015	414017	Tweet
2018	340442	Pilgrimage
2019	298931	Billy Elliot: The Musical
2020	559250	Mickey’s 90th Spectacular
2021	617908	Peter Parker Takes His Driving Test
2025	65762	Swinging with the Finkels
2027	50451	Micro Men
2028	72197	The Pirates! In an Adventure with Scientists!
2032	153110	The Girl Is Mime
2033	130966	So You Want To Be A Pirate!
2034	139646	Animals
2035	200942	The Voorman Problem
2036	202262	Svengali
2037	238302	Saving Santa
2038	316715	The Eichmann Show
2039	359654	The Jam: About The Young Idea
2040	67979	HIV - The Musical
2041	374251	Stick Man
2042	374460	A Grand Night In: The Story of Aardman
2046	279641	Whiskey Tango Foxtrot
2047	429417	Ghost Stories
2050	425972	Cargo
2051	447758	Carnage: Swallowing the Past
2052	501989	Ode to Joy
2054	377319	Derren Brown: Pushed to the Edge
2055	532616	To Provide All People
2072	87061	The Extraordinary Voyage
2073	140823	Saving Mr. Banks
2074	109424	Captain Phillips
2075	127850	Inventing David Geffen
2077	170039	Killing Lincoln
2079	83542	Cloud Atlas
2080	296098	Bridge of Spies
2082	298859	All In
2083	207932	Inferno
2087	270010	A Hologram for the King
2088	363676	Sully
2090	374164	Boatlift
2094	426128	Electric City
2095	252451	Defying the Nazis: The Sharps' War
2096	414792	California Typewriter
2097	305642	Ithaca
2099	478639	The David S. Pumpkins Halloween Special
2101	550600	The Mayo Clinic, Faith, Hope and Science
2103	567649	The Last Mile
2106	325450	Dave Clark Five: Glad All Over
2107	31107	The 25th Anniversary Rock and Roll Hall of Fame Concerts
2108	20504	The Book of Eli
2113	156022	The Equalizer
2114	345887	The Equalizer 2
2116	241109	The March
2117	393457	Fences
2119	413362	Roman J. Israel, Esq.
2120	411012	Chasing Trane
2123	50837	Martha Marcy May Marlene
2124	70706	Very Good Girls
2125	84306	Liberal Arts
2126	92182	Silent House
2130	124905	Godzilla
2132	172226	In Secret
2133	419635	Kodachrome
2139	98545	Peace, Love & Misunderstanding
2142	595645	Godzilla: Force of Nature
2143	22970	The Cabin in the Woods
2145	12403	A Perfect Getaway
2146	27004	Ca$h
2147	60747	Red Dawn
2148	45920	Ollie Klublershturf vs. the Nazis
2151	96721	Rush
2155	201088	Blackhat
2157	296099	Vacation
2165	429351	12 Strong
2167	441829	Team Thor: Part 2
2169	446021	Bad Times at the El Royale
2170	155776	Heroes and Demons
2173	21862	Deep in the Valley
2176	50725	Take Me Home Tonight
2177	19994	Jennifer's Body
2181	97630	Zero Dark Thirty
2183	146239	Delivery Man
2185	135397	Jurassic World
2190	360031	Timms Valley
2197	492565	The Kid
2199	351286	Jurassic World: Fallen Kingdom
2200	567929	Emmet's Holiday Party: A Lego Movie Short
2201	596148	Parks and Recreation: 10th Anniversary Reunion at PALEYFEST 2019
2206	40850	Cherrybomb
2209	78215	Into the White
2210	111479	CBGB
2211	245685	Postman Pat: The Movie
2212	272548	Moonwalkers
2216	8355	Ice Age: Dawn of the Dinosaurs
2217	39513	Paul
2218	17578	The Adventures of Tintin
2219	50204	Burke & Hare
2220	81610	Derren Brown: Behind the Mischief
2222	55692	Scrat's Continental Crack-Up
2224	101519	A Fantastic Fear of Everything
2226	152581	Room on the Broom
2227	129790	The Death and Return of Superman
2228	250577	Doc of the Dead
2229	240972	Completing the Golden Mile: The Making of The World's End
2230	254375	Hector and the Search for Happiness
2233	332340	Man Up
2234	237756	Kill Me Three Times
2235	201086	Cuban Fury
2236	345155	A Night with the Stars
2237	170687	The Boxtrolls
2239	376984	The Olympic Ticket Scalper
2240	278154	Ice Age: Collision Course
2243	411500	50 Years of Star Trek
2245	414260	Building Star Trek
2250	57800	Ice Age: Continental Drift
2251	457943	Slaughterhouse Rulez
2252	384521	The Cloverfield Paradox
2253	392216	Phineas and Ferb: Star Wars
2254	351686	Rik Mayall: Lord of Misrule
2255	535987	Lost Transmissions
2259	62764	Mirror Mirror
2260	38167	Eat Pray Love
2261	59296	Love, Wedding, Marriage
2267	353069	Mother's Day
2268	373558	Taylor Swift: The 1989 World Tour - Live
2270	137116	Smurfs: The Lost Village
2271	492452	Ben Is Back
2272	567104	Let's Dance
2275	42917	Outcast
2276	415085	All Creatures Here Below
2277	85696	We'll Take Manhattan
2278	157547	Oculus
2280	203321	Not Another Happy Ending
2284	333676	Alex & the List
2287	287689	7 Days in Hell
2289	364092	Conventional
2290	364094	Fun Size Horror: Volume Two
2291	393332	Warning Labels
2292	315620	Doctor Who: A Christmas Carol
2293	421142	Doctor Who: Space and Time
2295	435557	The Party's Just Beginning
2296	282848	Doctor Who: The Time of the Doctor
2297	315623	Doctor Who: The Doctor, the Widow and the Wardrobe
2298	553346	Doctor Who: Meanwhile in the TARDIS: Part 1
2299	553351	Doctor Who: Meanwhile in the TARDIS: Part 2
2300	571137	Bound for Greatness
2302	32845	Wrong Side of Town
2303	68472	House of the Rising Sun
2304	54728	WWE Wrestlemania XXVI
2305	78049	The Scorpion King 3: Battle for Redemption
2307	97430	The Man with the Iron Fists
2308	122965	WWE Royal Rumble 2010
2309	154719	WWE Elimination Chamber 2010
2310	157287	WWE TLC: Tables Ladders & Chairs 2009
2312	213198	WWE Over the Limit 2010
2313	219099	WWE Extreme Rules 2009
2314	219146	WWE Hell in a Cell 2009
2315	219151	WWE Bragging Rights 2009
2316	219157	WWE Survivor Series 2009
2317	219205	WWE Extreme Rules 2010
2318	219616	WWE: Rey Mysterio - The Life of a Masked Man
2319	255813	WWE Elimination Chamber 2014
2320	421658	Final Score
2322	257747	WWE WrestleMania XXX
2323	269506	WWE Payback 2014
2324	268109	WWE Extreme Rules 2014
2325	270284	Undertaker: The Streak 21-1
2326	285871	WWE: Batista – The Animal Unleashed
2327	206647	Spectre
2328	323792	L.A. Slasher
2329	308529	Kickboxer: Vengeance
2330	330963	Satan's Prison: The Anthology of the Elimination Chamber
2332	450001	Master Z: Ip Man Legacy
2339	424422	Randy Orton: RKO Outta Nowhere
2340	260338	WWE: The Undertaker's Deadliest Matches
2341	430354	Bushwick
2343	413658	Enter the Warriors Gate
2344	406761	Hotel Artemis
2348	475759	2048: Nowhere to Run
2349	44027	My Son, My Son, What Have Ye Done
2350	566480	Shawn Michaels: The Showstopper Unreleased
2351	590921	WWE WrestleMania 35
2355	80585	Rock of Ages
2359	75780	Jack Reacher
2360	282035	The Mummy
2362	137113	Edge of Tomorrow
2364	337170	American Made
2365	343611	Jack Reacher: Never Go Back
2366	291537	Winning: The Racing Life of Paul Newman
2370	41120	Rush: Beyond the Lighted Stage
2371	64328	The Muppets
2372	38745	Gulliver's Travels
2373	17610	Year One
2377	92591	Bernie
2379	110278	Tenacious D Live at BlizzCon 2010
2381	463821	The House with a Clock in Its Walls
2382	308638	The D Train
2386	257445	Goosebumps
2390	419472	The Polka King
2392	443009	Don't Worry, He Won't Get Far on Foot
2393	463683	Tommy Can't Sleep
2394	144680	Pretty Sweet
2395	478846	"Ricky Dicks' Rock Docs: ""I Feel Love"""
2398	442062	Goosebumps 2: Haunted Halloween
2399	530964	The Insufferable Groo
2400	547025	Tenacious D: Post-Apocalypto
2401	558910	Unexpected Race
2402	509253	Double Fine Adventure
2405	64655	Archipelago
2406	51994	The Deep Blue Sea
2410	152603	Only Lovers Left Alive
2411	145220	Muppets Most Wanted
2412	175112	Tinker Bell and the Pirate Fairy
2413	220816	Out of Darkness
2414	253299	National Theatre Live: Coriolanus
2415	208028	Exhibition
2416	291060	Travelling at Night with Jim Jarmusch
2419	194952	Friend Request Pending
2420	313963	Faceless Killers
2421	201085	Crimson Peak
2424	254302	High-Rise
2425	388241	Out of Time
2426	136066	Stars In Shorts
2428	387592	Early Man
2433	539572	Leading Lady Parts
2435	560404	The Man Who Smiled
2436	595640	Creating a King: Realizing an Icon
2438	605910	The House is Alive: Constructing 'Crimson Peak'
2439	48009	Loup
2440	123229	Porn in the Hood
2441	320343	Hacker's Game
2443	203665	Paris or Perish
2444	100830	Radiostars
2445	332687	Silhouettes
2446	85735	Love Lasts Three Years
2448	81342	Delicacy
2450	57417	Borderline
2451	79070	Sleepless Night
2453	434203	Newness
2455	541883	A. I. Tales
2456	548055	Time of Day
2457	557781	Hacker's Game Redux
2460	31967	Dante's Inferno: An Animated Epic
2461	60540	Sushi Girl
2462	312100	Elf: Buddy's Musical Christmas
2463	85207	Airborne
2465	159124	Virtually Heroes
2466	137200	Back To The Sea
2468	275287	LEGO Hero Factory: Rise of the Rookies
2469	403431	Brigsby Bear
2470	354857	Regular Show: The Movie
2472	353595	Lego DC Comics Super Heroes: Justice League – Attack of the Legion of Doom!
2474	382322	Batman: The Killing Joke
2477	302960	Scooby-Doo! Moon Monster Madness
2478	435995	Bunyan and Babe
2479	295421	Scooby Doo and The Zombies
2480	454648	Con Man
2482	491277	Howard Lovecraft & the Undersea Kingdom
2483	45752	Scooby-Doo! Camp Scare
2484	124623	I Know That Voice
2488	521494	Transformers: Titans Return
2489	554747	Legend of Hallowaiian
2490	566611	Howard Lovecraft and the Kingdom of Madness
2492	587284	Lucky
2493	602524	Unraveling the Mystery: A Big Bang Farewell
2494	4475	The Private Lives of Pippa Lee
2495	64686	47 Ronin
2496	53172	Henry's Crime
2497	76544	Man of Tai Chi
2498	124972	Generation Um...
2499	110354	Side by Side
2500	245891	John Wick
2502	331962	Exposed
2503	321769	Deep Web
2504	324552	John Wick: Chapter 2
2505	263472	Knock Knock
2506	379976	Anyone Can Quantum
2507	301365	The Neon Demon
2508	342521	Keanu
2509	401104	To the Bone
2510	331583	The Whole Truth
2511	413782	Mifune: The Last Samurai
2512	300681	Replicas
2514	438689	Siberia
2515	458156	John Wick: Chapter 3 – Parabellum
2517	164183	My Own Private River
2518	472838	SPF-18
2520	489929	Destination Wedding
2522	513576	Always Be My Maybe
2523	423985	A Happening of Monumental Proportions
2524	600990	John Wick: Calling in the Cavalry
2525	600987	Don't F*#% With John Wick
2526	600991	Training 'John Wick'
2527	601123	Friends, Confidantes: The Keanu/Chad Partnership
2528	601124	Chamber Check: Evolution of a Fight Scene
2529	619022	John Wick: Assassin's Code (Extra)
2532	24803	Julie & Julia
2533	44303	Higglety Pigglety Pop! or There Must Be More to Life
2534	71688	The Iron Lady
2536	54985	Wings of Life
2537	84196	A Fierce Green Fire
2538	92837	To the Arctic
2542	227156	The Giver
2543	264656	The Homesman
2545	315664	Florence Foster Jenkins
2546	447687	Secret Ingredients: Creating Julie & Julia
2548	245168	Suffragette
2549	346679	Auschwitz
2551	346152	Shout Gladi Gladi
2554	400650	Mary Poppins Returns
2555	445176	The Female Lead - A Selection of Portraits
2557	449758	Five Came Back
2558	458423	Mamma Mia! Here We Go Again
2562	547239	Paul McCartney: Live at Grand Central Station
2563	513146	Every Act of Life
2565	575323	We Will Rise: Michelle Obama's Mission to Educate Girls Around the World
2566	195444	Out of Print
2568	576552	Museum Town
2569	617926	Sky Island
2571	8373	Transformers: Revenge of the Fallen
2574	38356	Transformers: Dark of the Moon
2575	82633	Lawless
2576	87496	The Company You Keep
2577	249397	Nymphomaniac: Vol. II
2578	258216	Nymphomaniac: Vol. I
2579	377765	Maniac
2581	296523	Man Down
2582	340485	American Honey
2583	368247	#ALLMYMOVIES
2584	370559	#Introductions
2586	397538	Borg vs McEnroe
2587	508539	#TAKEMEANYWHERE
2589	512263	Honey Boy
2591	22971	Dear John
2592	14869	G.I. Joe: The Rise of Cobra
2593	44564	The Dilemma
2595	49494	The Eagle
2597	53225	Morgan and Destiny's Eleventeenth Date: The Zeppelin Zoo
2598	74536	The Son of No One
2599	76757	Jupiter Ascending
2601	77930	Magic Mike
2604	109421	Side Effects
2605	117251	White House Down
2607	187017	22 Jump Street
2610	264999	Magic Mike XXL
2614	72570	The Vow
2616	324849	The Lego Batman Movie
2617	343668	Kingsman: The Golden Circle
2618	446894	Smallfoot
2622	35458	Crazy on the Outside
2623	41156	I Am Comic
2624	29919	The Six Wives of Henry Lefay
2625	70372	Pixar 25 Magic Moments
2627	72334	Chimpanzee
2630	148686	The Penguin King
2631	190967	3 Geezers!
2635	412339	The Atheist Delusion
2636	485504	El Camino Christmas
2638	87825	Trouble with the Curve
2644	265291	Vittorio D.
2645	260066	Kurosawa's Way
2646	101520	Reel Injun
2649	324314	Tab Hunter Confidential
2650	396462	Jean Seberg Forever
2651	274061	Johnny Mercer: The Dream's on Me
2653	462486	Anything Is Possible
2655	508466	Sad Hill Unearthed
2657	569055	Sergio Leone - Une Amérique de légende
2662	62835	Colombiana
2663	45013	Burning Palms
2664	19995	Avatar
2667	190955	Blood Ties
2669	183392	Capturing Avatar
2676	360389	Nina
2681	419831	I Kill Giants
2684	335360	My Little Pony: The Movie
2686	515085	The Legend of Red Hand
2689	322520	Hal
2690	46829	Barney's Version
2692	39786	Visual Acoustics
2696	77259	Jews and Baseball: An American Love Story
2698	132507	Against the Tide
2699	189203	All the President's Men Revisited
2701	313867	Roald Dahl's Esio Trot
2702	286519	Boychoir
2704	271736	The Program
2708	410205	All Governments Lie: Truth, Deception, and the Spirit of I.F. Stone
2710	588296	Arthur Miller: A Man of His Century
2712	371556	Warren Beatty - Mister Hollywood
2714	36691	Solitary Man
2720	284289	Beyond the Reach
2721	253235	And So It Goes
2723	329614	Richard Attenborough: A Life in Film
2725	392217	The Streets of the Invisibles
2727	363088	Ant-Man and the Wasp
2728	430152	Ken San
2729	448373	Making of an Ant-Sized Heist: A How-To Guide
2731	518764	Animal World
2733	520036	Il était une fois ... Vol au dessus d'un nid de coucou
2736	586074	The Untameable Kirk Douglas
2738	602310	Still Laugh-In: The Stars Celebrate
